{
  "IcoMoonType": "selection",
  "icons": [
    {
      "icon": {
        "paths": [
          "M676.571 512c0 13.143-6.857 25.143-18.286 31.429l-310.857 182.857c-5.714 3.429-12 5.143-18.286 5.143s-12.571-1.714-18.286-4.571c-11.429-6.857-18.286-18.857-18.286-32v-365.714c0-13.143 6.857-25.143 18.286-32 11.429-6.286 25.714-6.286 36.571 0.571l310.857 182.857c11.429 6.286 18.286 18.286 18.286 31.429zM749.714 512c0-171.429-139.429-310.857-310.857-310.857s-310.857 139.429-310.857 310.857 139.429 310.857 310.857 310.857 310.857-139.429 310.857-310.857zM877.714 512c0 242.286-196.571 438.857-438.857 438.857s-438.857-196.571-438.857-438.857 196.571-438.857 438.857-438.857 438.857 196.571 438.857 438.857z"
        ],
        "width": 877.7142857142857,
        "attrs": [],
        "isMulticolor": false,
        "isMulticolor2": false,
        "tags": [
          "play-circle-o"
        ],
        "defaultCode": 61469,
        "grid": 14
      },
      "attrs": [],
      "properties": {
        "name": "play-circle-o",
        "id": 32,
        "order": 48,
        "prevSize": 28,
        "code": 61469
      },
      "setIdx": 0,
      "setId": 15,
      "iconIdx": 32
    },
    {
      "icon": {
        "paths": [
          "M358.286 786.286c0 4.571-2.286 9.714-5.714 13.143l-28.571 28.571c-3.429 3.429-8.571 5.714-13.143 5.714s-9.714-2.286-13.143-5.714l-266.286-266.286c-3.429-3.429-5.714-8.571-5.714-13.143s2.286-9.714 5.714-13.143l266.286-266.286c3.429-3.429 8.571-5.714 13.143-5.714s9.714 2.286 13.143 5.714l28.571 28.571c3.429 3.429 5.714 8.571 5.714 13.143s-2.286 9.714-5.714 13.143l-224.571 224.571 224.571 224.571c3.429 3.429 5.714 8.571 5.714 13.143zM577.714 786.286c0 4.571-2.286 9.714-5.714 13.143l-28.571 28.571c-3.429 3.429-8.571 5.714-13.143 5.714s-9.714-2.286-13.143-5.714l-266.286-266.286c-3.429-3.429-5.714-8.571-5.714-13.143s2.286-9.714 5.714-13.143l266.286-266.286c3.429-3.429 8.571-5.714 13.143-5.714s9.714 2.286 13.143 5.714l28.571 28.571c3.429 3.429 5.714 8.571 5.714 13.143s-2.286 9.714-5.714 13.143l-224.571 224.571 224.571 224.571c3.429 3.429 5.714 8.571 5.714 13.143z"
        ],
        "width": 603.4285714285714,
        "attrs": [],
        "isMulticolor": false,
        "isMulticolor2": false,
        "tags": [
          "angle-double-left"
        ],
        "defaultCode": 61696,
        "grid": 14
      },
      "attrs": [],
      "properties": {
        "name": "angle-double-left",
        "id": 229,
        "order": 43,
        "prevSize": 28,
        "code": 61696
      },
      "setIdx": 0,
      "setId": 15,
      "iconIdx": 229
    },
    {
      "icon": {
        "paths": [
          "M340 548.571c0 4.571-2.286 9.714-5.714 13.143l-266.286 266.286c-3.429 3.429-8.571 5.714-13.143 5.714s-9.714-2.286-13.143-5.714l-28.571-28.571c-3.429-3.429-5.714-8.571-5.714-13.143s2.286-9.714 5.714-13.143l224.571-224.571-224.571-224.571c-3.429-3.429-5.714-8.571-5.714-13.143s2.286-9.714 5.714-13.143l28.571-28.571c3.429-3.429 8.571-5.714 13.143-5.714s9.714 2.286 13.143 5.714l266.286 266.286c3.429 3.429 5.714 8.571 5.714 13.143zM559.429 548.571c0 4.571-2.286 9.714-5.714 13.143l-266.286 266.286c-3.429 3.429-8.571 5.714-13.143 5.714s-9.714-2.286-13.143-5.714l-28.571-28.571c-3.429-3.429-5.714-8.571-5.714-13.143s2.286-9.714 5.714-13.143l224.571-224.571-224.571-224.571c-3.429-3.429-5.714-8.571-5.714-13.143s2.286-9.714 5.714-13.143l28.571-28.571c3.429-3.429 8.571-5.714 13.143-5.714s9.714 2.286 13.143 5.714l266.286 266.286c3.429 3.429 5.714 8.571 5.714 13.143z"
        ],
        "width": 566.8571428571428,
        "attrs": [],
        "isMulticolor": false,
        "isMulticolor2": false,
        "tags": [
          "angle-double-right"
        ],
        "defaultCode": 61697,
        "grid": 14
      },
      "attrs": [],
      "properties": {
        "name": "angle-double-right",
        "id": 230,
        "order": 42,
        "prevSize": 28,
        "code": 61697
      },
      "setIdx": 0,
      "setId": 15,
      "iconIdx": 230
    },
    {
      "icon": {
        "paths": [
          "M358.286 310.857c0 4.571-2.286 9.714-5.714 13.143l-224.571 224.571 224.571 224.571c3.429 3.429 5.714 8.571 5.714 13.143s-2.286 9.714-5.714 13.143l-28.571 28.571c-3.429 3.429-8.571 5.714-13.143 5.714s-9.714-2.286-13.143-5.714l-266.286-266.286c-3.429-3.429-5.714-8.571-5.714-13.143s2.286-9.714 5.714-13.143l266.286-266.286c3.429-3.429 8.571-5.714 13.143-5.714s9.714 2.286 13.143 5.714l28.571 28.571c3.429 3.429 5.714 8 5.714 13.143z"
        ],
        "width": 384,
        "attrs": [],
        "isMulticolor": false,
        "isMulticolor2": false,
        "tags": [
          "angle-left"
        ],
        "defaultCode": 61700,
        "grid": 14
      },
      "attrs": [],
      "properties": {
        "name": "angle-left",
        "id": 233,
        "order": 44,
        "prevSize": 28,
        "code": 61700
      },
      "setIdx": 0,
      "setId": 15,
      "iconIdx": 233
    },
    {
      "icon": {
        "paths": [
          "M340 548.571c0 4.571-2.286 9.714-5.714 13.143l-266.286 266.286c-3.429 3.429-8.571 5.714-13.143 5.714s-9.714-2.286-13.143-5.714l-28.571-28.571c-3.429-3.429-5.714-8-5.714-13.143 0-4.571 2.286-9.714 5.714-13.143l224.571-224.571-224.571-224.571c-3.429-3.429-5.714-8.571-5.714-13.143s2.286-9.714 5.714-13.143l28.571-28.571c3.429-3.429 8.571-5.714 13.143-5.714s9.714 2.286 13.143 5.714l266.286 266.286c3.429 3.429 5.714 8.571 5.714 13.143z"
        ],
        "width": 347.4285714285714,
        "attrs": [],
        "isMulticolor": false,
        "isMulticolor2": false,
        "tags": [
          "angle-right"
        ],
        "defaultCode": 61701,
        "grid": 14
      },
      "attrs": [],
      "properties": {
        "name": "angle-right",
        "id": 234,
        "order": 45,
        "prevSize": 28,
        "code": 61701
      },
      "setIdx": 0,
      "setId": 15,
      "iconIdx": 234
    },
    {
      "icon": {
        "paths": [
          "M214 598l298-300 298 300h-170v256h-256v-256h-170zM214 170h596v86h-596v-86z"
        ],
        "attrs": [],
        "isMulticolor": false,
        "isMulticolor2": false,
        "tags": [
          "publish"
        ],
        "defaultCode": 57941,
        "grid": 24
      },
      "attrs": [],
      "properties": {
        "ligatures": "publish",
        "id": 606,
        "order": 46,
        "prevSize": 24,
        "code": 57941,
        "name": "publish"
      },
      "setIdx": 5,
      "setId": 10,
      "iconIdx": 606
    },
    {
      "icon": {
        "paths": [
          "M896 469.333h-768c-23.467 0-42.667 19.2-42.667 42.667s19.2 42.667 42.667 42.667h768c23.467 0 42.667-19.2 42.667-42.667s-19.2-42.667-42.667-42.667z",
          "M128 298.667h768c23.467 0 42.667-19.2 42.667-42.667s-19.2-42.667-42.667-42.667h-768c-23.467 0-42.667 19.2-42.667 42.667s19.2 42.667 42.667 42.667z",
          "M896 725.333h-768c-23.467 0-42.667 19.2-42.667 42.667s19.2 42.667 42.667 42.667h768c23.467 0 42.667-19.2 42.667-42.667s-19.2-42.667-42.667-42.667z"
        ],
        "attrs": [],
        "isMulticolor": false,
        "isMulticolor2": false,
        "tags": [
          "menu"
        ],
        "grid": 24
      },
      "attrs": [],
      "properties": {
        "id": 86,
        "order": 20,
        "prevSize": 24,
        "code": 59658,
        "name": "menu"
      },
      "setIdx": 12,
      "setId": 3,
      "iconIdx": 85
    },
    {
      "icon": {
        "paths": [
          "M572.267 512l225.867-225.867c16.533-16.533 16.533-43.733 0-60.267s-43.733-16.533-60.267 0l-225.867 225.867-225.867-225.867c-16.533-16.533-43.733-16.533-60.267 0s-16.533 43.733 0 60.267l225.867 225.867-225.867 225.867c-16.533 16.533-16.533 43.733 0 60.267 8.267 8.267 19.2 12.533 30.133 12.533s21.867-4.267 30.133-12.533l225.867-225.867 225.867 225.867c8.267 8.267 19.2 12.533 30.133 12.533s21.867-4.267 30.133-12.533c16.533-16.533 16.533-43.733 0-60.267l-225.867-225.867z"
        ],
        "attrs": [],
        "isMulticolor": false,